address,name,size,calls,called_by,decompiled
00401000,FUN_00401000,1429,18,1,1
004015a0,FUN_004015a0,461,1,1,1
00401770,FUN_00401770,3931,32,1,1
00402700,FUN_00402700,1216,9,1,1
00402bc0,FUN_00402bc0,1296,19,1,1
00403100,FUN_00403100,107,2,1,1
00403170,FUN_00403170,4350,37,1,1
004042b0,FUN_004042b0,241,3,1,1
004043c0,FUN_004043c0,30,2,0,1
004043e0,FUN_004043e0,116,3,1,1
0040445e,FUN_0040445e,8,1,1,1
0040463b,FUN_0040463b,8,1,0,1
00404890,FUN_00404890,206,0,0,1
00404960,FUN_00404960,719,1,0,1
00404d20,FUN_00404d20,288,1,0,1
00404e40,FUN_00404e40,447,4,0,1
00405000,FUN_00405000,432,1,18,1
004051b0,FUN_004051b0,65,0,8,1
00405200,FUN_00405200,76,0,3,1
00405250,FUN_00405250,219,0,6,1
00405330,FUN_00405330,48,0,7,1
00405360,FUN_00405360,43,0,7,1
00405390,FUN_00405390,154,0,1,1
00405440,FUN_00405440,206,0,1,1
00405510,FUN_00405510,478,0,3,1
004056f0,FUN_004056f0,71,0,4,1
00405740,FUN_00405740,72,0,3,1
00405790,FUN_00405790,25,1,3,1
004057b0,FUN_004057b0,26,1,1,1
004057d0,FUN_004057d0,26,1,1,1
004057f0,FUN_004057f0,111,3,2,1
00405860,FUN_00405860,146,4,2,1
00405900,FUN_00405900,624,13,2,1
00405b41,FUN_00405b41,8,1,1,1
00405b82,FUN_00405b82,11,1,1,1
00405b90,FUN_00405b90,558,11,2,1
00405da8,FUN_00405da8,8,1,1,1
00405dd0,FUN_00405dd0,11,1,1,1
00405de0,FUN_00405de0,449,15,6,1
00405fa1,FUN_00405fa1,8,1,1,1
00405fb3,FUN_00405fb3,11,1,1,1
00405fc0,FUN_00405fc0,1540,18,2,1
004065ce,FUN_004065ce,8,1,1,1
004065e0,FUN_004065e0,95,1,1,1
00406640,FUN_00406640,157,5,1,1
004066e7,FUN_004066e7,11,1,1,1
00406700,FUN_00406700,157,5,1,1
004067a7,FUN_004067a7,11,1,1,1
004067c0,FUN_004067c0,79,2,1,1
00406810,FUN_00406810,1115,0,1,1
00406c70,FUN_00406c70,1125,0,1,1
004070e0,FUN_004070e0,299,4,1,1
00407220,FUN_00407220,30,2,0,1
00407240,FUN_00407240,198,5,1,1
00407310,FUN_00407310,8,1,1,1
00407320,FUN_00407320,242,1,0,1
00407420,FUN_00407420,287,2,0,1
00407540,FUN_00407540,20,1,0,1
00407560,FUN_00407560,453,13,0,1
00407725,FUN_00407725,8,1,1,1
00407737,FUN_00407737,11,1,1,1
00407750,FUN_00407750,57,2,0,1
00407790,FUN_00407790,105,8,0,1
00407800,FUN_00407800,130,5,0,1
00407890,FUN_00407890,37,1,0,1
00407b40,FUN_00407b40,1613,23,0,1
00408200,FUN_00408200,63,6,0,1
00408240,FUN_00408240,73,2,0,1
00408290,FUN_00408290,85,2,1,1
004084e0,FUN_004084e0,164,4,2,1
00408590,FUN_00408590,459,10,1,1
004087e0,FUN_004087e0,66,2,1,1
00408830,FUN_00408830,53,2,0,1
00408870,FUN_00408870,157,4,0,1
00408940,FUN_00408940,339,14,1,1
00408aa0,FUN_00408aa0,133,5,2,1
00408b30,FUN_00408b30,30,2,1,1
00408b50,FUN_00408b50,39,1,1,1
00408b80,FUN_00408b80,458,10,1,1
00408d50,FUN_00408d50,45,2,1,1
00408d80,FUN_00408d80,38,3,1,1
00408db0,FUN_00408db0,41,2,1,1
00408de0,FUN_00408de0,36,0,4,1
00408e10,FUN_00408e10,10,0,2,1
00408e20,FUN_00408e20,25,1,1,1
00408e40,FUN_00408e40,30,4,12,1
00408e60,FUN_00408e60,61,1,1,1
00408ea0,FUN_00408ea0,47,1,1,1
00408ed0,FUN_00408ed0,514,3,1,1
004090e0,FUN_004090e0,654,2,1,1
00409370,FUN_00409370,55,2,17,1
004093b0,FUN_004093b0,217,1,3,1
00409490,FUN_00409490,35,1,9,1
004094c0,FUN_004094c0,80,3,1,1
00409510,FUN_00409510,91,2,2,1
00409570,FUN_00409570,96,3,2,1
004095d0,FUN_004095d0,1311,19,8,1
00409cc9,FUN_00409cc9,8,1,0,1
00409d39,FUN_00409d39,8,1,0,1
00409d50,FUN_00409d50,83,4,6,1
00409db0,FUN_00409db0,93,4,4,1
00409e10,FUN_00409e10,114,0,1,1
00409e90,FUN_00409e90,126,2,1,1
00409f10,FUN_00409f10,126,2,1,1
00409f90,FUN_00409f90,140,3,4,1
0040a020,FUN_0040a020,149,2,3,1
0040a0c0,FUN_0040a0c0,71,2,25,1
0040a110,FUN_0040a110,170,2,1,1
0040a1c0,FUN_0040a1c0,67,1,9,1
0040a210,FUN_0040a210,223,3,3,1
0040a2f0,FUN_0040a2f0,202,8,1,1
0040a3c4,FUN_0040a3c4,8,1,1,1
0040a3d0,FUN_0040a3d0,217,4,1,1
0040a4b0,FUN_0040a4b0,264,4,1,1
0040a5e0,FUN_0040a5e0,264,14,1,1
0040a6f0,FUN_0040a6f0,259,2,1,1
0040a800,FUN_0040a800,101,0,2,1
0040a870,FUN_0040a870,266,4,23,1
0040a980,FUN_0040a980,1711,22,5,1
0040b02f,FUN_0040b02f,19,1,1,1
0040b042,FUN_0040b042,8,1,1,1
0040b04a,FUN_0040b04a,8,1,1,1
0040b052,FUN_0040b052,8,1,1,1
0040b05a,FUN_0040b05a,8,1,1,1
0040b062,FUN_0040b062,8,1,1,1
0040b06a,FUN_0040b06a,8,1,1,1
0040b07c,FUN_0040b07c,8,1,1,1
0040b0a0,FUN_0040b0a0,202,8,1,1
0040b174,FUN_0040b174,8,1,1,1
0040b180,FUN_0040b180,76,2,2,1
0040b1d0,FUN_0040b1d0,156,4,1,1
0040b270,FUN_0040b270,183,1,1,1
0040b330,FUN_0040b330,264,3,3,1
0040b440,FUN_0040b440,575,8,2,1
0040b680,FUN_0040b680,439,7,2,1
0040b840,FUN_0040b840,277,5,2,1
0040b960,FUN_0040b960,417,6,2,1
0040bb10,FUN_0040bb10,260,5,2,1
0040bc20,FUN_0040bc20,142,1,3,1
0040bcb0,FUN_0040bcb0,51,0,0,1
0040bcf0,FUN_0040bcf0,52,2,1,1
0040bd30,FUN_0040bd30,103,1,1,1
0040bda0,FUN_0040bda0,601,8,11,1
0040c003,FUN_0040c003,11,1,1,1
0040c010,FUN_0040c010,167,6,3,1
0040c0c1,FUN_0040c0c1,11,1,1,1
0040c0d0,FUN_0040c0d0,213,8,2,1
0040c1af,FUN_0040c1af,11,1,1,1
0040c1c0,FUN_0040c1c0,282,9,2,1
0040c2e0,FUN_0040c2e0,57,1,6,1
0040c3b0,FUN_0040c3b0,23,0,1,1
0040c3d0,FUN_0040c3d0,85,4,4,1
0040c430,FUN_0040c430,173,2,0,1
0040c4f0,FUN_0040c4f0,30,2,0,1
0040c510,FUN_0040c510,61,1,1,1
0040c557,FUN_0040c557,8,1,1,1
0040c77a,FUN_0040c77a,11,1,0,1
0040c860,FUN_0040c860,136,1,1,1
0040c9c9,FUN_0040c9c9,11,1,0,1
0040c9e0,FUN_0040c9e0,468,9,1,1
0040cc69,FUN_0040cc69,8,1,0,1
0040ccd9,FUN_0040ccd9,8,1,0,1
0040ccf0,FUN_0040ccf0,39,1,4,1
0040cd20,FUN_0040cd20,64,1,15,1
0040cd60,FUN_0040cd60,40,0,8,1
0040cd90,FUN_0040cd90,33,0,1,1
0040cdc0,FUN_0040cdc0,48,0,5,1
0040cdf0,FUN_0040cdf0,19,0,0,1
0040ce10,FUN_0040ce10,76,2,1,1
0040ce60,FUN_0040ce60,216,4,4,1
0040cf40,FUN_0040cf40,55,2,1,1
0040cf80,FUN_0040cf80,52,2,1,1
0040cfc0,FUN_0040cfc0,45,1,1,1
0040cff0,FUN_0040cff0,45,1,1,1
0040d020,FUN_0040d020,45,1,1,1
0040d050,FUN_0040d050,140,3,2,1
0040d0e0,FUN_0040d0e0,786,18,1,1
0040d3fc,FUN_0040d3fc,11,1,1,1
0040d410,FUN_0040d410,62,1,1,1
0040d450,FUN_0040d450,63,1,0,1
0040d490,FUN_0040d490,1146,11,2,1
0040d914,FUN_0040d914,11,1,1,1
0040d940,FUN_0040d940,20,0,2,1
0040da60,FUN_0040da60,25,1,1,1
0040db50,FUN_0040db50,43,0,2,1
0040db80,FUN_0040db80,30,2,0,1
0040dba0,FUN_0040dba0,7,0,4,1
0040dbf0,FUN_0040dbf0,96,1,0,1
0040dc50,FUN_0040dc50,122,1,0,1
0040dd20,FUN_0040dd20,126,3,1,1
0040ddb0,FUN_0040ddb0,30,2,0,1
0040ddd0,FUN_0040ddd0,114,2,1,1
0040de4c,FUN_0040de4c,8,1,1,1
0040de60,FUN_0040de60,75,2,1,1
0040deb0,FUN_0040deb0,195,1,0,1
0040df80,FUN_0040df80,36,1,1,1
0040dfb0,FUN_0040dfb0,229,1,1,1
0040e0c0,FUN_0040e0c0,95,1,0,1
0040e120,FUN_0040e120,146,1,0,1
0040e2f0,FUN_0040e2f0,15,1,4,1
0040e300,thunk_FUN_0040e460,5,0,11,1
0040e310,FUN_0040e310,31,1,4,1
0040e330,FUN_0040e330,85,2,4,1
0040e390,FUN_0040e390,28,1,2,1
0040e3b0,FUN_0040e3b0,79,2,1,1
0040e400,FUN_0040e400,23,1,4,1
0040e420,FUN_0040e420,23,1,2,1
0040e440,FUN_0040e440,26,1,3,1
0040e460,FUN_0040e460,24,1,0,1
0040e480,FUN_0040e480,10,0,1,1
0040e4a0,FUN_0040e4a0,133,4,1,1
0040e530,FUN_0040e530,35,1,2,1
0040e560,FUN_0040e560,110,0,4,1
0040e5d0,FUN_0040e5d0,38,0,1,1
0040e600,FUN_0040e600,50,2,2,1
0040e640,FUN_0040e640,69,4,1,1
0040e6b0,FUN_0040e6b0,74,2,14,1
0040e700,FUN_0040e700,30,2,0,1
0040e720,FUN_0040e720,76,3,17,1
0040e770,FUN_0040e770,31,0,0,1
0040e9b0,FUN_0040e9b0,136,4,0,1
0040eb00,FUN_0040eb00,110,4,0,1
0040eb70,FUN_0040eb70,71,4,5,1
0040ebc0,FUN_0040ebc0,71,2,0,1
0040ec30,FUN_0040ec30,27,1,4,1
0040ec50,FUN_0040ec50,30,1,1,1
0040ec70,FUN_0040ec70,33,1,1,1
0040eca0,FUN_0040eca0,27,1,3,1
0040ecc0,FUN_0040ecc0,30,1,2,1
0040ece0,FUN_0040ece0,30,1,0,1
0040ed00,FUN_0040ed00,27,1,2,1
0040ed20,FUN_0040ed20,30,2,2,1
0040ed80,FUN_0040ed80,34,2,11,1
0040edb0,FUN_0040edb0,30,1,1,1
0040edd0,FUN_0040edd0,27,1,2,1
0040edf0,FUN_0040edf0,30,1,1,1
0040ee10,FUN_0040ee10,87,1,1,1
0040eed9,FUN_0040eed9,8,1,0,1
0040ef20,FUN_0040ef20,91,1,1,1
0040ef90,FUN_0040ef90,30,2,0,1
0040efb0,FUN_0040efb0,61,1,1,1
0040eff7,FUN_0040eff7,8,1,1,1
0040f1b0,FUN_0040f1b0,130,3,0,1
0040f260,FUN_0040f260,102,2,2,1
0040f34c,FUN_0040f34c,14,1,0,1
0040f364,FUN_0040f364,8,1,0,1
0040f370,FUN_0040f370,402,10,1,1
0040f510,FUN_0040f510,98,2,3,1
0040f580,FUN_0040f580,87,1,1,1
0040f5f0,FUN_0040f5f0,68,2,2,1
0040f634,FUN_0040f634,14,1,1,1
0040f64c,FUN_0040f64c,8,1,1,1
0040f6b9,FUN_0040f6b9,8,1,0,1
0040f7b9,FUN_0040f7b9,11,1,0,1
0040f810,FUN_0040f810,38,2,0,1
0040f840,FUN_0040f840,46,3,0,1
0040f870,FUN_0040f870,216,8,1,1
0040f952,FUN_0040f952,11,1,1,1
0040f960,FUN_0040f960,145,7,0,1
0040fa00,FUN_0040fa00,87,1,1,1
0040fac9,FUN_0040fac9,8,1,0,1
0040fb10,FUN_0040fb10,13,1,0,1
0040fb20,FUN_0040fb20,85,7,0,1
0040fb80,FUN_0040fb80,133,1,1,1
0040fc20,FUN_0040fc20,30,2,0,1
0040fc40,FUN_0040fc40,61,1,1,1
0040fc87,FUN_0040fc87,8,1,1,1
0040ffe0,FUN_0040ffe0,52,0,4,1
00410020,FUN_00410020,451,11,0,1
00410200,FUN_00410200,407,0,1,1
004104d0,FUN_004104d0,349,1,1,1
00410680,FUN_00410680,656,7,1,1
00410910,FUN_00410910,717,7,1,1
00410be0,FUN_00410be0,285,2,1,1
00410d00,FUN_00410d00,839,7,1,1
00411050,FUN_00411050,741,6,1,1
00411340,FUN_00411340,1890,0,5,1
00411ab0,FUN_00411ab0,114,1,1,1
00411b40,FUN_00411b40,30,2,0,1
00411b60,FUN_00411b60,61,1,1,1
00411ba7,FUN_00411ba7,8,1,1,1
00411d70,FUN_00411d70,309,4,0,1
00411eb0,FUN_00411eb0,304,4,0,1
00411fe0,FUN_00411fe0,87,1,1,1
004120a9,FUN_004120a9,8,1,0,1
00412721,FUN_00412721,11,1,0,1
00412780,FUN_00412780,186,6,0,1
004128f0,FUN_004128f0,772,7,1,1
00412cea,FUN_00412cea,11,1,0,1
00412d10,FUN_00412d10,180,5,0,1
00412ebf,FUN_00412ebf,11,1,0,1
00412ed0,FUN_00412ed0,104,1,1,1
00412f50,FUN_00412f50,30,2,0,1
00412f70,FUN_00412f70,100,2,1,1
00412fde,FUN_00412fde,8,1,1,1
00412ff0,FUN_00412ff0,354,8,0,1
00413220,FUN_00413220,135,0,0,1
004132b0,FUN_004132b0,87,1,1,1
00413379,FUN_00413379,8,1,0,1
00413390,FUN_00413390,231,3,0,1
00413ad0,FUN_00413ad0,122,1,1,1
00413bb9,FUN_00413bb9,8,1,0,1
00413cf0,FUN_00413cf0,247,7,0,1
00413e50,FUN_00413e50,146,1,1,1
00413f00,FUN_00413f00,30,2,0,1
00413f20,FUN_00413f20,79,1,1,1
00413f79,FUN_00413f79,8,1,1,1
004145c0,FUN_004145c0,179,8,0,1
004146f0,FUN_004146f0,338,6,13,1
00414850,FUN_00414850,330,0,0,1
004149a0,FUN_004149a0,200,0,0,1
00414a70,FUN_00414a70,772,1,0,1
00414d80,FUN_00414d80,806,3,0,1
004150b0,FUN_004150b0,1269,2,0,1
004155b0,FUN_004155b0,259,2,0,1
004156c0,FUN_004156c0,317,2,0,1
00415800,FUN_00415800,209,1,0,1
004158e0,FUN_004158e0,1196,2,0,1
00415e10,FUN_00415e10,1539,2,0,1
004164a0,FUN_004164a0,694,2,0,1
00416760,FUN_00416760,494,1,0,1
00416980,FUN_00416980,503,1,0,1
00416bb0,FUN_00416bb0,1388,2,0,1
00417190,FUN_00417190,1250,2,0,1
004176c0,FUN_004176c0,436,1,0,1
004178a0,FUN_004178a0,596,2,0,1
00417b20,FUN_00417b20,1392,2,0,1
00418100,FUN_00418100,785,2,0,1
00418460,FUN_00418460,87,1,1,1
004184d0,FUN_004184d0,30,2,0,1
004184f0,FUN_004184f0,61,1,1,1
00418537,FUN_00418537,8,1,1,1
004187f0,FUN_004187f0,169,6,0,1
004188a0,FUN_004188a0,220,4,0,1
00418980,FUN_00418980,87,1,1,1
004189f0,FUN_004189f0,30,2,0,1
00418a10,FUN_00418a10,61,1,1,1
00418a57,FUN_00418a57,8,1,1,1
00418cb8,FUN_00418cb8,11,1,0,1
00418cd0,FUN_00418cd0,115,1,1,1
00418d60,FUN_00418d60,30,2,0,1
00418d80,FUN_00418d80,154,3,1,1
00418e24,FUN_00418e24,8,1,1,1
00419010,FUN_00419010,250,4,0,1
00419110,FUN_00419110,371,6,1,1
00419290,FUN_00419290,117,3,1,1
00419570,FUN_00419570,153,4,0,1
00419610,FUN_00419610,159,4,0,1
004196b0,FUN_004196b0,142,2,2,1
004197d0,FUN_004197d0,92,5,0,1
00419830,FUN_00419830,111,2,0,1
004198a0,FUN_004198a0,30,0,1,1
004198c0,FUN_004198c0,30,0,1,1
004198e0,FUN_004198e0,226,3,1,1
004199e0,FUN_004199e0,30,2,0,1
00419a00,FUN_00419a00,71,1,1,1
00419a51,FUN_00419a51,8,1,1,1
0041a160,FUN_0041a160,29,2,0,1
0041a180,FUN_0041a180,40,2,0,1
0041a1b0,FUN_0041a1b0,536,6,0,1
0041a3d0,FUN_0041a3d0,72,1,1,1
0041a420,FUN_0041a420,93,2,1,1
0041a4fb,FUN_0041a4fb,11,1,0,1
0041a510,FUN_0041a510,268,6,1,1
0041a620,FUN_0041a620,43,0,3,1
0041a650,FUN_0041a650,39,0,9,1
0041a680,FUN_0041a680,373,1,7,1
0041a800,FUN_0041a800,177,6,1,1
0041a8d0,FUN_0041a8d0,70,0,4,1
0041a920,FUN_0041a920,205,2,4,1
0041a9f0,FUN_0041a9f0,63,3,15,1
0041aa30,FUN_0041aa30,184,4,1,1
0041aaf0,FUN_0041aaf0,224,2,1,1
0041abd0,FUN_0041abd0,25,1,7,1
0041abf0,FUN_0041abf0,22,1,3,1
0041ac10,FUN_0041ac10,44,0,5,1
0041ac40,FUN_0041ac40,65,1,5,1
0041ac90,FUN_0041ac90,41,0,1,1
0041acc0,FUN_0041acc0,200,4,3,1
0041ad90,FUN_0041ad90,86,1,4,1
0041adf0,FUN_0041adf0,285,1,1,1
0041af10,FUN_0041af10,137,1,1,1
0041afa0,FUN_0041afa0,165,0,1,1
0041b050,FUN_0041b050,137,1,1,1
0041b0e0,FUN_0041b0e0,82,0,1,1
0041b140,FUN_0041b140,244,1,1,1
0041b240,FUN_0041b240,304,1,2,1
0041b370,FUN_0041b370,381,0,4,1
0041b4f0,FUN_0041b4f0,43,0,1,1
0041b520,FUN_0041b520,275,0,3,1
0041b640,FUN_0041b640,191,4,2,1
0041b700,FUN_0041b700,362,3,1,1
0041b880,FUN_0041b880,30,2,0,1
0041b8a0,FUN_0041b8a0,152,5,1,1
0041b942,FUN_0041b942,8,1,1,1
0041bab0,FUN_0041bab0,187,2,0,1
0041bb70,FUN_0041bb70,706,1,0,1
0041bef0,FUN_0041bef0,28,1,1,1
0041bf10,FUN_0041bf10,28,1,1,1
0041bf30,FUN_0041bf30,43,2,1,1
0041bf60,FUN_0041bf60,14,0,0,1
0041bf70,FUN_0041bf70,331,6,1,1
0041c0c0,FUN_0041c0c0,68,3,1,1
0041c110,FUN_0041c110,312,8,0,1
0041c250,FUN_0041c250,28,1,4,1
0041c270,FUN_0041c270,30,1,1,1
0041c290,FUN_0041c290,48,1,1,1
0041c2c0,FUN_0041c2c0,23,1,1,1
0041c2e0,FUN_0041c2e0,23,1,1,1
0041c300,FUN_0041c300,121,2,1,1
0041c380,FUN_0041c380,89,4,0,1
0041c3e0,FUN_0041c3e0,45,2,1,1
0041c410,FUN_0041c410,329,3,2,1
0041c580,FUN_0041c580,239,0,1,1
0041c690,FUN_0041c690,225,2,1,1
0041c780,FUN_0041c780,123,0,1,1
0041c800,FUN_0041c800,211,0,2,1
0041c8e0,FUN_0041c8e0,518,1,1,1
0041caf0,FUN_0041caf0,202,0,1,1
0041cbc0,FUN_0041cbc0,111,0,1,1
0041cc30,FUN_0041cc30,168,0,1,1
0041cce0,FUN_0041cce0,103,0,1,1
0041cd50,FUN_0041cd50,100,0,1,1
0041cdc0,FUN_0041cdc0,34,0,4,1
0041cdf0,FUN_0041cdf0,52,0,2,1
0041ceb0,FUN_0041ceb0,48,0,2,1
0041cee0,FUN_0041cee0,167,2,1,1
0041cfa0,FUN_0041cfa0,30,2,0,1
0041cfc0,FUN_0041cfc0,123,3,1,1
0041d045,FUN_0041d045,8,1,1,1
0041d050,FUN_0041d050,142,2,0,1
0041d1f0,FUN_0041d1f0,40,2,0,1
0041d460,FUN_0041d460,395,3,0,1
0041d5f0,FUN_0041d5f0,160,1,0,1
0041d690,FUN_0041d690,53,0,3,1
0041d6d0,FUN_0041d6d0,109,0,10,1
0041d740,FUN_0041d740,256,3,1,1
0041d870,FUN_0041d870,1005,3,1,1
0041dc60,FUN_0041dc60,580,3,1,1
0041dec0,FUN_0041dec0,238,1,1,1
0041dfb0,FUN_0041dfb0,226,2,3,1
0041e0a0,FUN_0041e0a0,303,2,4,1
0041e1d0,FUN_0041e1d0,386,4,4,1
0041e360,FUN_0041e360,285,2,4,1
0041e480,FUN_0041e480,218,2,3,1
0041e560,FUN_0041e560,262,2,4,1
0041e670,FUN_0041e670,131,0,6,1
0041e700,FUN_0041e700,536,2,9,1
0041e920,FUN_0041e920,568,6,2,1
0041eb60,FUN_0041eb60,72,0,4,1
0041ebb0,FUN_0041ebb0,55,0,4,1
0041ebf0,FUN_0041ebf0,55,0,7,1
0041ec30,FUN_0041ec30,43,0,8,1
0041ec60,FUN_0041ec60,89,0,7,1
0041ecc0,FUN_0041ecc0,331,2,1,1
0041ee10,FUN_0041ee10,137,0,2,1
0041eea0,FUN_0041eea0,211,0,1,1
0041ef80,FUN_0041ef80,157,3,4,1
0041f020,FUN_0041f020,99,1,1,1
0041f090,FUN_0041f090,55,1,1,1
0041f0d0,FUN_0041f0d0,681,5,1,1
0041f380,FUN_0041f380,97,0,1,1
0041f3f0,FUN_0041f3f0,107,0,1,1
0041f460,FUN_0041f460,94,0,1,1
0041f4c0,FUN_0041f4c0,512,11,1,1
0041f6c0,FUN_0041f6c0,194,3,1,1
0041f790,FUN_0041f790,284,0,1,1
0041f8b0,FUN_0041f8b0,80,3,13,1
0041f900,FUN_0041f900,41,3,20,1
0041f930,FUN_0041f930,98,4,3,1
0041f9a0,FUN_0041f9a0,74,3,2,1
0041f9f0,FUN_0041f9f0,78,3,6,1
0041fa40,FUN_0041fa40,60,2,11,1
0041fa80,FUN_0041fa80,321,7,4,1
0041fb96,FUN_0041fb96,8,1,1,1
0041fbe0,FUN_0041fbe0,41,1,1,1
0041fc10,FUN_0041fc10,68,2,2,1
0041fc60,FUN_0041fc60,39,2,1,1
0041fc90,FUN_0041fc90,273,3,5,1
0041fe40,FUN_0041fe40,173,2,1,1
0041fef0,FUN_0041fef0,838,0,1,1
00420240,FUN_00420240,539,2,1,1
00420460,FUN_00420460,81,0,2,1
004204c0,FUN_004204c0,38,1,1,1
004204f0,FUN_004204f0,287,6,1,1
00420610,FUN_00420610,661,1,6,1
004208b0,FUN_004208b0,238,1,7,1
004209a0,FUN_004209a0,160,1,1,1
00420a40,FUN_00420a40,91,0,5,1
00420aa0,FUN_00420aa0,80,0,8,1
00420af0,FUN_00420af0,62,1,1,1
00420b30,FUN_00420b30,296,0,3,1
00420c60,FUN_00420c60,519,1,7,1
00420e70,FUN_00420e70,124,1,1,1
00420ef0,FUN_00420ef0,341,3,1,1
00421050,FUN_00421050,234,4,2,1
00421140,FUN_00421140,295,2,1,1
00421270,FUN_00421270,801,2,1,1
004215a0,FUN_004215a0,192,2,1,1
00421660,FUN_00421660,237,2,1,1
00421750,FUN_00421750,437,5,5,1
00421910,FUN_00421910,158,0,2,1
004219b0,FUN_004219b0,291,8,2,1
00421ae0,FUN_00421ae0,184,9,2,1
00421ba0,FUN_00421ba0,346,4,1,1
00421d30,FUN_00421d30,454,6,1,1
00421f20,FUN_00421f20,273,5,1,1
00422040,FUN_00422040,206,3,1,1
00422110,FUN_00422110,380,3,2,1
00422290,FUN_00422290,214,3,2,1
00422370,FUN_00422370,238,3,2,1
00422460,FUN_00422460,204,3,2,1
00422530,FUN_00422530,219,4,2,1
00422610,FUN_00422610,544,5,1,1
00422850,FUN_00422850,30,2,0,1
00422870,FUN_00422870,71,1,1,1
004228c1,FUN_004228c1,8,1,1,1
004228d0,FUN_004228d0,284,5,0,1
00422a90,FUN_00422a90,265,7,0,1
00422ba0,FUN_00422ba0,124,3,0,1
00422c20,FUN_00422c20,217,7,0,1
00422d20,FUN_00422d20,677,6,0,1
00422fd0,FUN_00422fd0,361,4,2,1
00423140,FUN_00423140,220,6,0,1
00423220,FUN_00423220,605,9,0,1
00423480,FUN_00423480,283,9,2,1
004235a0,FUN_004235a0,435,2,1,1
00423760,FUN_00423760,115,1,1,1
004237e0,FUN_004237e0,340,5,2,1
00423940,FUN_00423940,844,12,1,1
00423c8c,FUN_00423c8c,8,1,1,1
00423c9e,FUN_00423c9e,19,1,1,1
00423cc0,FUN_00423cc0,687,8,2,1
00423f90,FUN_00423f90,289,7,3,1
004240c0,FUN_004240c0,646,4,0,1
004243c0,FUN_004243c0,66,0,4,1
00424410,FUN_00424410,72,0,1,1
00424460,FUN_00424460,72,0,4,1
004244b0,FUN_004244b0,101,0,4,1
00424520,FUN_00424520,255,4,1,1
00424620,FUN_00424620,48,2,3,1
00424650,FUN_00424650,282,3,0,1
00424770,FUN_00424770,51,3,3,1
004247b0,FUN_004247b0,562,9,1,1
004249f0,FUN_004249f0,28,0,1,1
00424a10,FUN_00424a10,376,7,0,1
00424b90,FUN_00424b90,267,4,3,1
00424cc0,FUN_00424cc0,302,5,3,1
00424e10,FUN_00424e10,310,7,1,1
00424f50,FUN_00424f50,1,0,1,1
00424f60,FUN_00424f60,32,2,1,1
00424f80,FUN_00424f80,21,1,1,1
00424fa0,FUN_00424fa0,97,1,2,1
00425010,FUN_00425010,61,2,2,1
00425050,FUN_00425050,45,1,1,1
00425080,FUN_00425080,67,1,1,1
004250d0,FUN_004250d0,144,1,2,1
00425160,FUN_00425160,30,2,0,1
00425180,FUN_00425180,108,4,3,1
004251f0,FUN_004251f0,31,0,0,1
00425210,FUN_00425210,431,10,1,1
00425420,FUN_00425420,552,8,0,1
00425680,FUN_00425680,14,1,0,1
00425690,FUN_00425690,51,3,0,1
004256d0,FUN_004256d0,225,7,0,1
004257e0,FUN_004257e0,268,10,0,1
00425970,FUN_00425970,145,2,1,1
00425a30,FUN_00425a30,155,5,1,1
00425ad0,FUN_00425ad0,1,0,1,1
00425af0,FUN_00425af0,46,3,1,1
00425bd0,FUN_00425bd0,13,0,18,1
00425be0,FUN_00425be0,28,2,8,1
00425c00,FUN_00425c00,24,2,9,1
00425c20,FUN_00425c20,34,2,6,1
00425c50,FUN_00425c50,44,1,1,1
00425c80,FUN_00425c80,45,2,7,1
00425cb0,FUN_00425cb0,23,1,1,1
00425ce0,FUN_00425ce0,10,1,0,1
00425cf0,FUN_00425cf0,14,1,0,1
00425d20,FUN_00425d20,10,1,0,1
00425d30,FUN_00425d30,14,1,0,1
00425d80,FUN_00425d80,10,1,0,1
00425d90,FUN_00425d90,14,1,0,1
00425dc0,FUN_00425dc0,10,1,0,1
00425dd0,FUN_00425dd0,14,1,0,1
00425e00,FUN_00425e00,10,1,0,1
00425e10,FUN_00425e10,14,1,0,1
00425e40,FUN_00425e40,10,1,0,1
00425e50,FUN_00425e50,14,1,0,1
00425e80,FUN_00425e80,10,1,0,1
00425e90,FUN_00425e90,14,1,0,1
00425ec0,FUN_00425ec0,10,1,0,1
00425ed0,FUN_00425ed0,14,1,0,1
00425f00,FUN_00425f00,10,1,0,1
00425f10,FUN_00425f10,14,1,0,1
00425f40,FUN_00425f40,10,1,0,1
00425f50,FUN_00425f50,14,1,0,1
00425f80,FUN_00425f80,10,1,0,1
00425f90,FUN_00425f90,14,1,0,1
00425fc0,FUN_00425fc0,10,1,0,1
00425fd0,FUN_00425fd0,14,1,0,1
00426000,FUN_00426000,10,1,0,1
00426010,FUN_00426010,14,1,0,1
00426030,FUN_00426030,16,0,1,1
00426040,FUN_00426040,776,21,1,1
00426370,FUN_00426370,41,2,1,1
004263a0,FUN_004263a0,93,0,1,1
00426400,FUN_00426400,58,1,0,1
00426630,FUN_00426630,240,3,1,1
00426740,FUN_00426740,30,2,0,1
00426760,FUN_00426760,71,1,1,1
004267b1,FUN_004267b1,8,1,1,1
004267e0,FUN_004267e0,228,1,0,1
004268d0,FUN_004268d0,40,2,0,1
00426900,FUN_00426900,2213,5,0,1
004271b0,FUN_004271b0,39,0,2,1
004271e0,FUN_004271e0,37,4,1,1
00427210,FUN_00427210,155,1,4,1
004272b0,FUN_004272b0,248,0,2,1
004273b0,FUN_004273b0,54,0,1,1
004273f0,FUN_004273f0,885,3,1,1
00427770,FUN_00427770,116,2,7,1
00427800,FUN_00427800,30,2,0,1
00427820,FUN_00427820,61,1,8,1
00427867,FUN_00427867,8,1,1,1
00427970,FUN_00427970,44,2,0,1
004279a0,FUN_004279a0,30,2,2,1
004279c0,FUN_004279c0,70,1,0,1
00427a10,FUN_00427a10,118,1,1,1
00427a90,FUN_00427a90,137,1,1,1
00427b20,FUN_00427b20,101,3,0,1
00427b86,GetOpenFileNameA,6,0,1,1
00427b90,_JumpToContinuation,46,0,1,1
00427bd0,_CallMemberFunction0,7,0,1,1
00427be0,FID_conflict:_CallMemberFunction1,7,0,1,1
00427bf0,FID_conflict:_CallMemberFunction1,7,0,1,1
00427c00,_UnwindNestedFrames,81,1,2,1
00427c60,___CxxFrameHandler,60,1,0,1
00427ca0,_CallCatchBlock2,98,1,1,1
00427d40,_CallSETranslator,209,0,1,1
00427e20,TranslatorGuardHandler,98,2,0,1
00427e8c,__global_unwind2,32,1,0,1
00427ece,__local_unwind2,104,1,1,1
00427f36,__abnormal_termination,35,0,1,1
00427f59,FUN_00427f59,9,0,1,1
00427f62,FUN_00427f62,24,0,1,1
00427f80,FUN_00427f80,14,1,27,1
00427f90,FUN_00427f90,16,1,7,1
00427fa0,__ftol,39,0,4,1
00427fd0,__fpmath,23,3,1,1
00428000,FUN_00428000,56,0,1,1
00428040,_sprintf,103,2,7,1
004280b0,FUN_004280b0,10,0,1,1
004280c0,_rand,42,0,1,1
004280f0,FUN_004280f0,122,1,2,1
00428180,__ArrayUnwind,103,0,2,1
00428220,FUN_00428220,122,1,2,1
004282b0,FUN_004282b0,279,0,2,1
004283c7,FUN_004283c7,1183,1,2,1
00428866,__fdivp_sti_st,19,1,2,1
0042888c,__adj_fdiv_m32,76,1,1,1
004288d8,__adj_fdiv_m64,76,1,0,1
00429040,_strncmp,56,0,1,1
00429080,FUN_00429080,121,2,1,1
00429100,FUN_00429100,19,1,13,1
00429160,FUN_00429160,348,1,1,1
004292c0,entry,351,14,0,1
00429450,__amsg_exit,38,3,4,1
00429480,___InternalCxxFrameHandler,188,3,2,1
00429540,FUN_00429540,659,7,1,1
004297e0,FUN_004297e0,213,3,1,1
004298c0,GetRangeOfTrysToCheck,159,1,2,1
00429960,___FrameUnwindToState,190,2,2,1
00429a50,CatchIt,148,5,2,1
00429af0,FUN_00429af0,213,3,1,1
00429c30,BuildCatchObject,496,8,1,1
00429e30,DestructExceptionObject,97,1,2,1
00429eb0,AdjustPointer,33,0,1,1
00429ee0,__CallSettingFrame@12,72,1,2,1
00429f30,FUN_00429f30,89,1,3,1
00429fb0,FUN_00429fb0,89,1,5,1
0042a030,FUN_0042a030,24,1,9,1
0042a050,FUN_0042a050,20,1,7,1
0042a070,FUN_0042a070,64,2,2,1
0042a0b0,FUN_0042a0b0,21,1,1,1
0042a0d0,__setdefaultprecision,19,1,1,1
0042a0f0,__ms_p5_test_fdiv,79,0,1,1
0042a140,FUN_0042a140,278,3,1,1
0042a3a0,__cftoe,310,3,1,1
0042a4e0,__cftof,251,3,1,1
0042a5e0,FUN_0042a5e0,176,4,0,1
0042a690,__cftoe_g,43,1,1,1
0042a6c0,__cftof_g,38,1,1,1
0042a760,__shift,43,1,2,1
0042a790,FUN_0042a790,328,4,2,1
0042a8e0,FUN_0042a8e0,2255,10,1,1
0042b2c0,write_char,65,1,3,1
0042b310,write_multi_char,49,1,1,1
0042b350,write_string,55,1,1,1
0042b390,FUN_0042b390,15,0,1,1
0042b3a0,FUN_0042b3a0,21,0,1,1
0042b3c0,FUN_0042b3c0,16,0,1,1
0042b495,FUN_0042b495,27,1,0,1
0042b4b0,FUN_0042b4b0,48,2,1,1
0042b4e0,FUN_0042b4e0,18,1,1,1
0042b500,__exit,18,1,3,1
0042b520,FUN_0042b520,128,2,2,1
0042b5a0,FUN_0042b5a0,32,0,2,1
0042b5c0,FUN_0042b5c0,111,4,1,1
0042b630,FUN_0042b630,21,1,1,1
0042b650,__mbsnbcpy,134,1,1,1
0042b6e0,FUN_0042b6e0,475,4,1,1
0042b8c0,getSystemCP,77,0,1,1
0042b910,_CPtoLCID,56,0,1,1
0042b970,setSBCS,44,0,1,1
0042b9a0,FUN_0042b9a0,11,1,1,1
0042bb40,__ismbblead,18,1,1,1
0042bb60,x_ismbbtype,58,0,1,1
0042bba0,FUN_0042bba0,219,3,1,1
0042bc80,__setargv,155,4,1,1
0042bd20,parse_cmdline,466,0,1,1
0042bf00,FUN_0042bf00,411,7,1,1
0042c0a0,FUN_0042c0a0,467,6,1,1
0042c280,FUN_0042c280,21,1,1,1
0042c2a0,__FF_MSGBANNER,61,1,1,1
0042c2e0,FUN_0042c2e0,494,5,3,1
0042c500,FUN_0042c500,88,2,0,1
0042c570,FID_conflict:_ValidateRead,32,1,2,1
0042c590,FID_conflict:_ValidateRead,32,1,1,1
0042c5b0,_ValidateExecute,27,1,2,1
0042c5d0,FID_conflict:_memcpy,285,0,2,1
0042c720,_abort,27,3,1,1
0042c740,FUN_0042c740,33,0,3,1
0042c770,__control87,63,2,1,1
0042c7b0,__controlfp,24,1,1,1
0042c7d0,__abstract_cw,161,0,1,1
0042c880,__hw_cw,141,0,1,1
0042c910,FUN_0042c910,11,1,1,1
0042c920,__isctype,145,1,2,1
0042c9c0,FID_conflict:_tolower,229,2,0,1
0042cab0,__ZeroTail,100,0,1,1
0042cb20,__IncMan,99,1,1,1
0042cb90,__RoundMan,172,2,1,1
0042cc40,__CopyMan,29,0,1,1
0042cc60,__FillZeroMan,15,0,1,1
0042cc70,__IsZeroMan,29,0,1,1
0042cc90,FUN_0042cc90,173,0,1,1
0042cd40,__ld12cvt,459,5,2,1
0042cf10,FID_conflict:__ld12tod,24,1,1,1
0042cf30,FID_conflict:__ld12tod,24,1,1,1
0042cf50,FID_conflict:__atodbl,53,2,0,1
0042cf90,FID_conflict:__atodbl,53,2,0,1
0042cfd0,__fptostr,129,0,3,1
0042d060,__fltout,103,2,3,1
0042d0d0,FUN_0042d0d0,187,0,1,1
0042d190,FUN_0042d190,555,4,2,1
0042d3c0,FUN_0042d3c0,188,4,2,1
0042d480,__getbuf,75,1,1,1
0042d4d0,FUN_0042d4d0,42,0,1,1
0042d5f0,_wctomb,146,1,1,1
0042d690,__aulldiv,104,0,1,1
0042d700,__aullrem,117,0,1,1
0042d780,FUN_0042d780,36,0,2,1
0042d7b0,___crtMessageBoxA,146,2,1,1
0042d850,_raise,337,2,1,1
0042d9e0,siglookup,49,0,1,1
0042da20,___crtGetStringTypeA,291,5,1,1
0042db50,___crtLCMapStringA,555,7,1,1
0042dd80,_strncnt,44,0,1,1
0042ddb0,FUN_0042ddb0,35,0,3,1
0042dde0,___add_12,102,1,2,1
0042de50,___shl_12,62,0,3,1
0042de90,___shr_12,54,0,2,1
0042ded0,FUN_0042ded0,232,2,1,1
0042dfc0,FUN_0042dfc0,1578,3,2,1
0042e710,FUN_0042e710,923,5,1,1
0042eab0,FUN_0042eab0,102,0,3,1
0042eb20,FUN_0042eb20,144,1,1,1
0042ebb0,FUN_0042ebb0,67,0,3,1
0042ec00,FUN_0042ec00,82,2,1,1
0042ec60,FUN_0042ec60,115,2,0,1
0042ece0,_fflush,76,3,1,1
0042ed30,__flush,100,1,2,1
0042edb0,FUN_0042edb0,107,1,1,1
0042ee20,FUN_0042ee20,49,0,0,1
0042ee60,FUN_0042ee60,678,3,2,1
0042f110,FUN_0042f110,123,1,2,1
0042f190,_fclose,112,4,1,1
0042f200,FUN_0042f200,111,3,1,1
0042f270,__freebuf,57,1,1,1
0042f2b0,__close,199,5,1,1
0042f378,RtlUnwind,6,0,2,1
